<?xml version="1.0" encoding="UTF-8"?>
<project-private xmlns="http://www.netbeans.org/ns/project-private/1">
    <editor-bookmarks xmlns="http://www.netbeans.org/ns/editor-bookmarks/2" lastBookmarkId="0"/>
    <open-files xmlns="http://www.netbeans.org/ns/projectui-open-files/2">
        <group>
            <file>file:/C:/xampp/htdocs/Dominus/index.php</file>
            <file>file:/C:/xampp/htdocs/Dominus/css/agency.min.css</file>
            <file>file:/C:/xampp/htdocs/Dominus/scss/_masthead.scss</file>
            <file>file:/C:/xampp/htdocs/Dominus/css/agency.css</file>
            <file>file:/C:/xampp/htdocs/Dominus/mail/contact_me.php</file>
            <file>file:/C:/xampp/htdocs/Dominus/js/contact_me.js</file>
            <file>file:/C:/xampp/htdocs/Dominus/index.html</file>
        </group>
    </open-files>
</project-private>
